formula,target
Al0.09700000000000003 Fe0.048500000000000015 Cu0.2231 Zr0.6014 Ag0.03 ,85.0
Al0.24 Sc0.2 Co0.2 Y0.36 ,115.0
Mg0.2 Ca0.6 Cu0.2 ,25.0
Ni0.6 Nb0.4 ,16.5
Al0.24 Co0.2 Y0.21 Ho0.35 ,52.0
Ti0.1 Cu0.6 Zr0.3 ,32.0
B0.192 Si0.048 Fe0.07200000000000001 Ni0.648 Nb0.04 ,33.0
Cu0.45 Zr0.25 Ag0.1 Hf0.2 ,85.0
Ti0.1 Ni0.05 Cu0.55 Zr0.3 ,33.0
Ti0.423 Ni0.06767999999999999 Cu0.35531999999999997 Zr0.094 Sn0.06 ,56.0
Ti0.441 Ni0.07056 Cu0.37044 Zr0.098 Sn0.02 ,42.0
Al0.1 Fe0.02 Cu0.2 Ce0.68 ,71.0
Cu0.45 Zr0.35 Ag0.1 Hf0.1 ,79.0
Al0.1 Ti0.05 Ni0.146 Cu0.179 Zr0.525 ,62.0
P0.18 Ni0.1 Cu0.3 Pd0.42 ,44.0
Al0.198 Co0.198 Cu0.0495 Zr0.5445 Ag0.01 ,74.0
Mg0.65 Ni0.075 Cu0.075 Zn0.05 Y0.1 Ag0.05 ,35.0
Al0.121 Ni0.1745 Cu0.0795 Zr0.625 ,69.3
Mg0.61 Cu0.29 Gd0.1 ,60.0
B0.06 C0.12 Cr0.07 Mn0.05 Fe0.56 Mo0.12 Er0.02 ,39.0
Ti0.1 Cu0.5 Zr0.3 Ag0.1 ,32.0
B0.15 Al0.01 Fe0.61 Co0.06 Y0.02 Zr0.08 Mo0.07 ,56.1
Cu0.38 Zr0.5 Ag0.12 ,71.0
Al0.06999648258881462 Si5.0248731219536713e-05 Cu0.4999748756343903 Zr0.4299783930455756 ,72.0
Mg0.19 Ca0.45 Cu0.36 ,29.0
Al0.14 Cu0.16 Ag0.08 La0.62 ,51.0
Mg0.6 Ni0.236 Y0.0025 La0.16149999999999998 ,35.0
Be0.2 Mg0.24 Ti0.1 Ni0.08 Cu0.08 Y0.04 Zr0.26 ,50.0
Cu0.55 Ga0.025 Zr0.425 ,53.0
B0.04 C0.04 Si0.03 P0.1 Fe0.77 Mo0.02 ,41.0
Al0.15 Cu0.2 Ag0.05 La0.6 ,80.0
Si0.05 Ti0.16 Ni0.59 Zr0.2 ,46.0
Al0.24509803921568624 Co0.21568627450980396 Nd0.5392156862745098 ,68.0
Cu0.46 Zr0.54 ,50.0
Al0.095 Fe0.0475 Cu0.21850000000000006 Zr0.589 Ag0.05 ,84.0
Ti0.4 Cu0.3 Zr0.1 Pd0.2 ,60.0
Cu0.46 Zr0.46 Ag0.08 ,68.0
Mg0.57 Ni0.26 La0.17 ,45.0
Al0.12 Ni0.0925 Cu0.2775 Hf0.51 ,95.0
Ti0.4 Cu0.36 Zr0.1 Pd0.14 ,49.0
Al0.08 Cu0.32 Zr0.48 Pd0.04 Ag0.08 ,90.0
Cu0.48 Zr0.5 Ag0.02 ,51.0
Al0.14 Ni0.1 Cu0.1 La0.66 ,54.0
B0.2398469062300659 Fe0.5036785030831383 Co0.2158622156070593 Mo0.03997448437167765 Dy0.0006378907080586858 ,84.0
Mg0.032 Al0.108 Cu0.24 La0.62 ,34.0
Mg0.65 Cu0.15 Pd0.05 Ag0.05 Gd0.1 ,42.0
Al0.24 Sc0.2 Co0.1 Ni0.1 Y0.36 ,86.0
Mg0.605 Cu0.285 Gd0.11 ,60.0
Mg0.3 Ca0.4 Cu0.3 ,35.0
B0.2 Fe0.73 Nb0.04 Hf0.03 ,63.0
Be0.225 C0.08 Ti0.14 Ni0.02 Cu0.125 Zr0.41 ,98.0
Mg0.2 Ca0.5 Cu0.25 Zn0.05 ,42.0
B0.19200000000000006 Si0.048000000000000015 Fe0.6912 Nb0.04 Tb0.0288 ,80.0
B0.04 C0.04 Si0.02 P0.1 Fe0.76 Ga0.02 Mo0.02 ,52.0
Al0.12489728841413313 Ni0.1783073130649137 Cu0.1783073130649137 La0.5184880854560394 ,40.0
B0.22 Fe0.68 Y0.06 W0.04 ,97.0
Si0.01 Ti0.33 Ni0.06 Cu0.47 Zr0.11 Sn0.02 ,45.0
Ti0.07 Cu0.54 Zr0.33 Ag0.06 ,29.0
Al0.08 Cu0.3 Zr0.48 Pd0.06 Ag0.08 ,87.0
Mg0.65 Cu0.25 Gd0.1 ,60.75
Be0.18 Ti0.5 Ni0.08 Cu0.09 Zr0.15 ,40.0
Al0.16 Ni0.05 Cu0.15 La0.32 Ce0.32 ,48.0
B0.315 Fe0.2 Co0.43 Ta0.055 ,72.0
Mg0.65 Cu0.25 Y0.1 ,57.45
Ti0.05 Cu0.49 Zr0.36 Ag0.1 ,46.0
Mg0.15 Ca0.5 Cu0.25 Zn0.1 ,39.0
Ni0.6 Zr0.1 Nb0.3 ,27.0
Be0.275 Ti0.0825 Ni0.1 Cu0.075 Zr0.4675 ,105.0
B0.2 Fe0.71 Y0.02 Nb0.04 Hf0.03 ,78.0
Be0.1 Al0.08 Cu0.2764 Zr0.46 Ag0.0836 ,115.0
B0.192 Si0.048 Fe0.36 Co0.36 Nb0.04 ,39.0
Al0.24 Co0.2 Y0.56 ,54.0
B0.06 C0.15 Cr0.15 Co0.5 Mo0.14 ,76.0
Cu0.25 Pr0.75 ,0.372
B0.192 Si0.048 Fe0.14400000000000002 Ni0.5760000000000001 Nb0.04 ,40.0
Al0.07 Cu0.4 Zr0.48 Ag0.05 ,70.0
Cu0.42 Zr0.42 Ag0.16 ,72.0
Ti0.147 Cu0.588 Nb0.02 Hf0.245 ,46.0
Ti0.4320000000000001 Ni0.06911999999999999 Cu0.36288000000000004 Zr0.09600000000000003 Sn0.04 ,49.0
Al0.18600000000000005 Co0.18600000000000005 Cu0.046500000000000014 Zr0.5115000000000001 Ag0.07 ,53.0
Al0.25 Co0.2 Y0.55 ,61.0
Al0.2 Co0.2 Cu0.05 Zr0.55 ,81.0
B0.1999798000202 Si0.03999596000404 Fe0.7199272800727199 Y0.000100999899000101 Nb0.03999596000404 ,26.0
B0.22 Fe0.68 Co0.04 Y0.06 ,45.0
B0.22 Fe0.66 Y0.06 W0.06 ,84.0
Mg0.175 Ca0.6 Zn0.225 ,38.0
Mg0.7142857142857143 Ni0.08241758241758243 Cu0.08241758241758243 Zn0.054945054945054944 Y0.01098901098901099 Ag0.054945054945054944 ,38.0
B0.22 Fe0.72 Y0.04 Ta0.02 ,84.2
Ti0.4315000000000001 Ni0.0906 Cu0.3624000000000001 Zr0.0959 Sn0.019600000000000003 ,50.0
Cu0.54 Zr0.36 Ag0.1 ,40.0
Al0.1295843520782396 Ni0.1850040749796251 Cu0.1850040749796251 La0.5004074979625102 ,46.0
Mg0.65 Cu0.25 Pr0.1 ,33.0
Al0.19400000000000006 Co0.19400000000000006 Cu0.048500000000000015 Zr0.5335 Ag0.03 ,65.0
B0.02 C0.1 P0.12 Fe0.71 Nb0.01 Mo0.04 ,48.0
B0.24 Si0.015 Ti0.03 Fe0.27 Co0.4 Zr0.03 Mo0.015 ,45.0
Al0.07 Cu0.25 Pr0.68 ,20.0
Al0.08 Ti0.2 Ni0.42 Cu0.05 Zr0.25 ,55.0
Si0.1 P0.05 Cu0.05 Pd0.79 Ag0.01 ,70.0
Al0.3 Ca0.6 Ag0.1 ,48.0
Mg0.69 Ni0.15 Ag0.06 Gd0.1 ,35.3
Mg0.71 Ni0.15 Ag0.04 Gd0.1 ,44.7
Al0.14 Ni0.12 Cu0.12 La0.62 ,29.0
Mg0.182 Ca0.409 Cu0.409 ,38.0
Mg0.65 Cu0.15 Y0.02 Ag0.1 Gd0.08 ,44.0
Mg0.25 Ca0.5 Cu0.1 Zn0.15 ,47.0
Al0.07 Cu0.5 Zr0.43 ,69.5
B0.06 C0.15 Cr0.15 Fe0.48 Y0.02 Mo0.14 ,47.0
Al0.24 Co0.2 Y0.06 Er0.5 ,51.0
Ti0.13799999999999998 Cu0.5519999999999999 Nb0.08 Hf0.23 ,38.0
Mg0.23 Ca0.53 Cu0.24 ,33.0
Cu0.45 Zr0.15 Ag0.1 Hf0.3 ,87.0
B0.1920000000000001 Si0.04800000000000002 Fe0.6719999999999999 Nb0.040000000000000015 Tb0.04800000000000002 ,60.0
Al0.07 Cu0.37 Zr0.48 Ag0.08 ,67.0
Mg0.75 Ni0.15 Gd0.1 ,33.0
Ni0.6 Zr0.2 Nb0.2 ,38.0
B0.22 Fe0.71 Y0.06 Mo0.01 ,58.0
Mg0.181 Ca0.364 Cu0.455 ,29.0
Al0.125 Cu0.2 Ag0.05 La0.625 ,83.0
Mg0.19 Ca0.47 Cu0.27 Zn0.07 ,47.0
B0.05 C0.07 Si0.033 P0.087 Fe0.76 ,16.0
Be0.225 C0.02 Ti0.14 Ni0.08 Cu0.125 Zr0.41 ,55.0
Ti0.1 Cu0.55 Zr0.3 Ag0.05 ,29.0
B0.22 Fe0.68 Ni0.04 Y0.06 ,35.0
Al0.25 Co0.2 Sm0.55 ,26.0
Mg0.18 Ca0.55 Zn0.27 ,30.0
Mg0.273 Ca0.318 Cu0.409 ,39.0
Al0.125 Co0.025 Cu0.175 Ag0.05 La0.625 ,80.0
Al0.14 Cu0.2 La0.66 ,54.0
Mg0.65 Cu0.15 Ag0.1 Gd0.1 ,43.0
Mg0.6 Ni0.236 La0.16399999999999998 ,40.0
Mg0.7 Ni0.15 Ag0.05 Gd0.1 ,29.5
Al0.25 Co0.2 Tb0.55 ,62.0
B0.192 Si0.048 Fe0.14400000000000002 Co0.5760000000000001 Nb0.04 ,40.0
B0.06 C0.15 Cr0.15 Fe0.45 Co0.03 Y0.02 Mo0.14 ,46.0
Ti0.14 Ni0.2 Cu0.17 Zr0.49 ,49.0
Mg0.645 Cu0.245 Gd0.11 ,59.0
P0.225 Ni0.053 Cu0.147 Pt0.575 ,98.0
Al0.1 Fe0.05 Cu0.23 Zr0.62 ,100.0
Ti0.075 Cu0.5 Zr0.425 ,40.0
Al0.07446808510638298 Co0.0425531914893617 Ni0.0425531914893617 Cu0.425531914893617 Ag0.0851063829787234 La0.3297872340425532 ,62.0
Al0.24 Fe0.02 Co0.18 Y0.1 Dy0.46 ,50.0
Al0.08 Fe0.02 Cu0.34 Zr0.48 Ag0.08 ,101.0
B0.06 C0.15 Cr0.15 Fe0.48 Mo0.14 Er0.02 ,36.0
Al0.08699999999999998 Ni0.11899999999999998 Cu0.14400000000000002 Zr0.6499999999999999 ,62.5
Mg0.65 Cu0.25 Ho0.1 ,56.0
Mg0.65 Cu0.2 Zn0.05 Y0.1 ,52.0
Al0.14580031695721074 Ni0.20760697305863707 Cu0.20760697305863707 La0.438985736925515 ,65.0
Al0.25 Ni0.15 Gd0.6 ,45.0
Al0.2 Cu0.2 Ag0.05 La0.55 ,74.0
B0.06 C0.15 Fe0.63 Mo0.14 Er0.02 ,59.0
Al0.1129032258064516 Ni0.1935483870967742 Cu0.1935483870967742 La0.5 ,29.0
Mg0.15 Ca0.65 Zn0.2 ,34.333333333333336
B0.05 C0.07 Si0.033 P0.087 Fe0.72 Ga0.04 ,19.0
Mg0.2 Ca0.55 Cu0.25 ,27.0
B0.19200000000000006 Si0.048000000000000015 Fe0.432 Co0.28800000000000003 Nb0.04 ,50.0
Mg0.182 Ca0.273 Cu0.545 ,22.0
Al0.15 Ni0.1 Cu0.19 Y0.02 Zr0.54 ,73.0
B0.04 C0.04 Si0.03 P0.09 Fe0.76 Mo0.04 ,44.0
Mg0.65 Cu0.25 Dy0.1 ,70.0
Mg0.042 Al0.098 Cu0.24 La0.62 ,56.0
Al0.08 Cu0.3764 Zr0.46 Ag0.0836 ,73.0
Al0.08 Cu0.3 Zr0.48 Ag0.08 Au0.06 ,90.0
Al0.25 Co0.2 La0.55 ,63.0
Mg0.71 Ni0.18 La0.11 ,28.0
Al0.2 Mn0.03 Ni0.22 Gd0.55 ,70.0
Mg0.3 Ca0.45 Cu0.25 ,35.0
Al0.163 Ni0.12 Cu0.207 Zr0.51 ,78.0
Al0.093 Fe0.046500000000000014 Cu0.2139 Zr0.5766 Ag0.07 ,87.0
Al0.25 Co0.2 Y0.16 Lu0.39 ,82.0
Zr1.0 ,0.4029999999999999
Mg0.635 Cu0.275 Gd0.09 ,44.0
Mg0.175 Cu0.05 Zn0.15 Yb0.625 ,37.5
B0.22 Fe0.71 Ni0.01 Y0.06 ,43.0
B0.2 Fe0.7 Y0.03 Nb0.04 Hf0.03 ,74.0
B0.24 Fe0.568 Co0.142 Nb0.05 ,45.0
Ti0.1 Cu0.45 Zr0.3 Ag0.15 ,30.0
Mg0.61 Cu0.28 Gd0.11 ,61.0
Be0.225 Ti0.138 Ni0.1 Cu0.125 Zr0.412 ,49.0
Si0.17 Cu0.06 Pd0.77 ,44.0
Mg0.1 Ca0.65 Cu0.25 ,32.0
Al0.24 Co0.2 Y0.2 Gd0.36 ,55.0
Mg0.65 Cu0.25 Tb0.1 ,73.0
Al0.08 Cu0.34 Zr0.48 Ag0.08 Au0.02 ,94.0
B0.2398469062300659 Fe0.647586646821178 Co0.07195407186901978 Mo0.03997448437167765 Dy0.0006378907080586858 ,85.0
Be0.25 Ti0.11 Ni0.1 Cu0.1 Zr0.44 ,114.0
Al0.14251592356687898 Ni0.20382165605095545 Cu0.20382165605095545 La0.44984076433121023 ,59.0
Mg0.65 Ni0.2 La0.15 ,29.0
Al0.1 Cu0.2 Ce0.7 ,67.0
B0.055 C0.05 P0.12 Cr0.04 Fe0.655 Ga0.04 Mo0.04 ,61.0
Al0.25 Co0.2 Pr0.55 ,76.0
Ti0.17 Ni0.2 Cu0.14 Zr0.49 ,38.0
B0.19993816345460166 Si0.03998763269092034 Fe0.7197773884365658 Y0.0003091827269916521 Nb0.03998763269092034 ,56.0
Be0.03 Al0.07 Cu0.47 Zr0.43 ,83.0
Al0.13665594855305466 Ni0.19614147909967844 Cu0.19614147909967844 La0.4710610932475885 ,68.0
Mg0.585 Cu0.305 Gd0.11 ,63.0
C0.15 Cr0.1 Fe0.64 Mo0.09 Er0.02 ,47.0
Mg0.272 Ca0.364 Cu0.364 ,29.0
B0.23981949070592026 Fe0.7194584721177608 Mo0.03996991511765338 Dy0.0007521220586655206 ,77.0
Al0.14 Ni0.0975 Cu0.2925 Hf0.47 ,85.0
Mg0.65 Cu0.15 Y0.04 Ag0.1 Gd0.06 ,43.0
Si0.01 Ti0.07425 Cu0.495 Zr0.42075 ,48.0
Al0.08139534883720931 Co0.06976744186046513 Ni0.06976744186046513 Cu0.3488372093023256 Ag0.06976744186046513 La0.36046511627906974 ,42.0
B0.22 Fe0.7 Ni0.02 Y0.06 ,45.0
Al0.1206896551724138 Ni0.13793103448275862 Cu0.13793103448275862 La0.603448275862069 ,25.0
Si0.165 Cu0.04 Pd0.795 ,41.0
B0.19008000000000005 Si0.047520000000000014 Cr0.010000000000000002 Fe0.42768 Co0.2851200000000001 Nb0.0396 ,44.0
Mg0.65 Ni0.075 Cu0.075 Zn0.05 Y0.05 Ag0.05 Gd0.05 ,38.0
B0.05 C0.07 Si0.033 P0.087 Fe0.74 Ga0.02 ,16.0
B0.02 C0.1 P0.12 Fe0.71 Nb0.02 Mo0.03 ,42.0
B0.19200000000000006 Si0.048000000000000015 Fe0.72 Nb0.04 ,45.0
Si0.165 Cu0.1 Pd0.735 ,40.0
Si0.01 Ti0.415 Ni0.075 Cu0.425 Zr0.025 Hf0.05 ,42.65
Cu0.49 Zr0.49 Ag0.02 ,41.0
Be0.18 Ti0.4 Ni0.08 Cu0.09 Zr0.25 ,47.0
Ni0.6 Nd0.4 ,0.0
Al0.1111111111111111 Ni0.15824915824915825 Cu0.15824915824915825 La0.5723905723905724 ,26.0
Al0.07 Cu0.43 Zr0.43 Ag0.07 ,87.0
B0.19200000000000006 Si0.048000000000000015 Fe0.36 Co0.36 Nb0.04 ,50.0
B0.192 Si0.048 Fe0.07200000000000001 Co0.648 Nb0.04 ,40.0
Ti0.09998990001009997 Cu0.5999394000606 Zr0.2999697000303 Sn0.000100999899000101 ,46.0
Al0.16 Co0.1 Ni0.05 Cu0.05 La0.32 Ce0.32 ,48.0
Si0.01 Ti0.415 Ni0.075 Cu0.375 Zr0.025 Sn0.05 Hf0.05 ,64.2
Cu0.48 Zr0.48 Ag0.04 ,62.0
Be0.24 Fe0.08 Cu0.12 Zr0.48 Nb0.08 ,93.0
Al0.07 Cu0.46 Zr0.47 ,76.0
Al0.24 Sc0.36 Co0.2 Y0.2 ,98.0
Mg0.65 Cu0.25 Y0.05 Gd0.05 ,73.0
Be0.35 Ti0.45 Zr0.2 ,57.0
Ti0.1 Cu0.35 Zr0.3 Ag0.25 ,29.0
Al0.11666666666666667 Ni0.16666666666666666 Cu0.16666666666666666 La0.55 ,28.5
Cu0.57 Zr0.36 Ag0.07 ,43.0
B0.19200000000000006 Si0.048000000000000015 Fe0.6624 Nb0.04 Tb0.0576 ,60.0
B0.23 Fe0.71 Nb0.06 ,46.0
Al0.08 Si0.035 Ti0.2 Ni0.42 Cu0.05 Zr0.215 ,72.0
Al0.08 Ni0.06 Cu0.16 Zr0.7 ,66.0
Mg0.74 Ni0.15 Ag0.01 Gd0.1 ,40.4
Si0.2 Cu0.29 Ag0.05 Au0.46 ,25.0
B0.2398469062300659 Fe0.7195407186901978 Mo0.03997448437167765 Dy0.0006378907080586858 ,91.0
Ti0.441 Ni0.0706 Cu0.3704 Zr0.098 Sn0.02 ,42.0
Al0.1 Ni0.1 Cu0.2 Pr0.6 ,35.0
Mg0.65 Cu0.15 Ag0.1 Er0.1 ,38.0
B0.19200000000000006 Si0.048000000000000015 Fe0.28800000000000003 Co0.432 Nb0.04 ,42.0
Al0.07 Cu0.43 Zr0.48 Ag0.02 ,61.0
Al0.25 Cu0.15 Ag0.05 La0.55 ,51.0
Mg0.69 Ni0.18 La0.13 ,29.0
Al0.07777777777777778 Co0.05555555555555555 Ni0.05555555555555555 Cu0.3888888888888889 Ag0.07777777777777778 La0.34444444444444444 ,73.0
Mg0.273 Ca0.182 Cu0.545 ,17.0
Mg0.63 Cu0.27 Gd0.1 ,63.0
B0.22 Ti0.02 Fe0.72 Y0.04 ,72.7
Al0.84 Ni0.1 Gd0.06 ,20.0
Al0.08 Cu0.32 Zr0.48 Ag0.08 Au0.04 ,93.0
Al0.114 Ni0.163 Cu0.093 Zr0.63 ,68.9
Mg0.3 Ca0.5 Cu0.2 ,37.0
B0.19991670137442727 Si0.03998334027488547 Fe0.7197001249479383 Y0.0004164931278633903 Nb0.03998334027488547 ,28.0
Mg0.8 Ni0.1 Nd0.1 ,16.766666666666666
Al0.05 Ti0.075 Ni0.6 Zr0.2 Nb0.075 ,61.0
Si0.165 Cu0.292 Pd0.023 Au0.52 ,34.0
B0.1999591920016323 Si0.03999183840032646 Fe0.7198530912058764 Y0.00020403999183840035 Nb0.03999183840032646 ,48.0
Al0.08 Cu0.38 Zr0.46 Ag0.08 ,103.0
Cu0.43 Zr0.43 Ag0.07 In0.07 ,44.0
Mg0.227 Ca0.273 Cu0.5 ,18.0
Si0.01 Ti0.33 Ni0.08 Cu0.47 Zr0.05 Nb0.06 ,27.0
B0.22 Fe0.7 Y0.06 W0.02 ,103.0
Ti0.1 Ni0.05 Cu0.45 Zr0.3 Ag0.1 ,28.0
Mg0.1 Ca0.65 Zn0.25 ,35.0
B0.18432 Si0.04608 Cr0.04 Fe0.4147199999999999 Co0.27648 Nb0.03839999999999999 ,41.0
Ti0.07 Cu0.6 Zr0.33 ,28.0
Mg0.65 Cu0.25 Er0.1 ,58.0
Al0.14 Cu0.19 Ag0.05 La0.62 ,51.0
Be0.2625 Ti0.096 Ni0.086 Cu0.1015 Zr0.454 ,117.0
Mg0.585 Cu0.305 Y0.11 ,74.0
Be0.06 Al0.08 Cu0.3164 Zr0.46 Ag0.0836 ,95.0
Al0.07 Cu0.46 Y0.02 Zr0.45 ,77.0
Al0.08 Si0.045 Ti0.2 Ni0.42 Cu0.05 Zr0.205 ,93.0
Al0.13 Ni0.0975 Cu0.2925 Hf0.48 ,89.0
Al0.08 Si0.025 Ti0.2 Ni0.42 Cu0.05 Zr0.225 ,66.0
Mg0.182 Ca0.318 Cu0.5 ,29.0
Al0.24 Co0.2 Y0.2 Tb0.36 ,67.0
Mg0.15 Ca0.7 Zn0.15 ,26.0
Ni0.6 Zr0.05 Nb0.35 ,24.0
Al0.1 Cu0.4 Zr0.4 Ag0.1 ,55.0
B0.02 C0.1 P0.12 Fe0.71 Nb0.03 Mo0.02 ,38.0
Al0.05785123966942149 Ni0.17355371900826447 Cu0.17355371900826447 Pr0.5950413223140496 ,15.0
Ni0.6 Nb0.3 Ta0.1 ,27.0
Li0.0996 Mg0.08539999999999999 Ca0.65 Zn0.165 ,22.0
Mg0.595 Cu0.229 Ag0.066 Gd0.11 ,47.0
Be0.2625 Ti0.0962 Ni0.1 Cu0.0875 Zr0.4538 ,117.0
B0.2398469062300659 Fe0.5756325749521582 Co0.14390814373803956 Mo0.03997448437167765 Dy0.0006378907080586858 ,92.0
Al0.075 Ni0.1 Cu0.175 Zr0.65 ,79.1
B0.04 C0.04 Si0.03 P0.1 Fe0.76 Mo0.03 ,43.0
Be0.2 Ti0.165 Ni0.0975 Cu0.1525 Zr0.385 ,48.0
Mg0.18 Ca0.58 Cu0.24 ,38.0
B0.19200000000000006 Si0.048000000000000015 Ni0.72 Nb0.04 ,25.0
Al0.1323051948051948 Ni0.1883116883116883 Cu0.1883116883116883 La0.4910714285714286 ,51.0
Be0.225 Cu0.125 Zr0.65 ,99.0
Ti0.425 Ni0.075 Cu0.425 Zr0.025 Hf0.05 ,49.0
Al0.024 Ni0.2 Cu0.2 Pr0.5760000000000001 ,35.0
Be0.0011098779134295226 Ti0.09988901220865704 Cu0.5993340732519423 Zr0.2996670366259712 ,42.0
B0.22 Fe0.72 Y0.05 W0.01 ,74.0
Mg0.15 Ca0.6 Zn0.25 ,48.0
Mg0.25 Ca0.4 Cu0.35 ,37.0
Al0.1054421768707483 Ni0.14965986394557826 Cu0.14965986394557826 La0.5952380952380952 ,21.0
Mg0.25 Ca0.45 Cu0.3 ,38.0
Al0.175 Cu0.2 Ag0.075 La0.55 ,73.0
Mg0.05 Ca0.65 Cu0.3 ,21.0
Mg0.2 Ca0.5 Cu0.3 ,41.0
C0.1398844518385268 Si0.03796863692760013 P0.0008253440105228657 Fe0.8143273446314239 Tm0.00699422259192634 ,65.0
Cu0.55 Ga0.05 Zr0.4 ,43.0
Si0.1 P0.05 Cu0.02 Pd0.79 Ag0.04 ,65.0
Mg0.5 Ni0.3 La0.2 ,57.0
P0.2 Ni0.075 Cu0.325 Pd0.4 ,86.0
B0.005 Al0.07 Si0.03 Ti0.53 Ni0.185 Cu0.15 Hf0.03 ,54.0
Mg0.2 Ca0.65 Cu0.15 ,19.0
Al0.25 Cu0.2 La0.55 ,42.95
Mg0.25 Ca0.35 Cu0.4 ,43.0
Ti0.4 Cu0.34 Zr0.1 Pd0.16 ,51.0
B0.22 Fe0.72 Y0.04 Nb0.02 ,83.5
Cu0.43 Zr0.5 Ag0.07 ,58.0
Al0.16 Co0.08 Ni0.05 Cu0.07 La0.32 Ce0.32 ,55.0
Al0.10699999999999997 Ni0.1415 Cu0.13649999999999998 Zr0.6149999999999999 ,68.1
B0.18624000000000002 Si0.046560000000000004 Cr0.03 Fe0.41904 Co0.27936000000000005 Nb0.0388 ,43.0
Mg0.364 Ca0.272 Cu0.364 ,19.0
B0.1920000000000001 Si0.04800000000000002 Fe0.7104 Nb0.040000000000000015 Tb0.0096 ,46.0
Be0.275 Al0.02 Ti0.3 Cu0.075 Zr0.33 ,144.0
Al0.101 Ni0.142 Cu0.117 Zr0.64 ,59.4
Mg0.25 Ca0.5 Cu0.25 ,39.0
Mg0.7 Ni0.2 La0.1 ,28.0
Be0.07 Ti0.5 Ni0.15 Cu0.25 Sn0.03 ,45.0
Be0.2 Mg0.12 Fe0.02 Ni0.06 Cu0.1 Y0.02 Zr0.36 Nb0.12 ,42.0
Al0.08 Ti0.02 Cu0.36 Zr0.46 Ag0.08 ,54.0
Mg0.318 Ca0.227 Cu0.455 ,21.0
Al0.13408723747980614 Ni0.19224555735056545 Cu0.19224555735056545 La0.4814216478190631 ,59.0
Be0.225 Ti0.14 Ni0.1 Cu0.125 Zr0.41 ,49.0
Ti0.16 Ni0.59 Zr0.2 Sn0.05 ,35.0
Al0.08 Cu0.42 Zr0.42 Ag0.08 ,75.0
Be0.2125 Ti0.1512 Ni0.0998 Cu0.1377 Zr0.3988 ,57.0
Mg0.57 Cu0.315 Y0.092 Nd0.023 ,74.0
Al0.25 Co0.2 Ho0.55 ,58.0
Al0.06 Cu0.44 Zr0.44 Ag0.06 ,92.0
Al0.08 Si0.035 Ti0.19 Ni0.42 Cu0.05 Zr0.225 ,66.0
Ti0.225 Cu0.6 Hf0.175 ,23.0
B0.04 C0.04 Si0.02 P0.1 Fe0.74 Ga0.02 Mo0.04 ,50.0
Al0.125 Fe0.05 Cu0.15 Ag0.05 La0.625 ,55.0
Mg0.6 Ni0.236 Y0.01 La0.154 ,37.0
P0.2 Ni0.125 Cu0.3 Pd0.375 ,75.0
B0.192 Si0.048 Fe0.432 Co0.28800000000000003 Nb0.04 ,44.0
B0.2 Fe0.72 Y0.01 Nb0.04 Hf0.03 ,75.0
Si0.01 Ti0.33 Ni0.08 Cu0.47 Zr0.03 Nb0.08 ,23.0
Al0.08 Ni0.03 Cu0.19 Zr0.7 ,59.0
B0.1920000000000001 Si0.04800000000000002 Fe0.504 Co0.21600000000000003 Nb0.040000000000000015 ,50.0
Mg0.364 Ca0.227 Cu0.409 ,20.0
B0.22 Fe0.58 Co0.14 Y0.06 ,45.0
Mg0.225 Ca0.475 Cu0.3 ,41.0
Ti0.15 Cu0.6 Hf0.25 ,60.0
B0.22 Fe0.69 Y0.06 Mo0.03 ,50.0
Al0.06998934172461048 Si0.00015226107699335125 Cu0.4999238694615033 Zr0.4299345277368928 ,61.0
Ti0.1 Cu0.6 Zr0.2 Hf0.1 ,43.0
Al0.125 Co0.05 Cu0.15 Ag0.05 La0.625 ,77.0
Mg0.15 Ca0.6 Cu0.25 ,32.0
Al0.075 Cu0.525 Hf0.4 ,54.0
Al0.05 Ti0.025 Ni0.6 Zr0.2 Nb0.125 ,61.0
Ni0.6 Zr0.15 Nb0.25 ,31.0
B0.05 C0.07 Si0.033 P0.087 Fe0.75 Ga0.01 ,13.0
Al0.08 Ni0.11 Cu0.11 Zr0.7 ,73.0
Al0.08 Cu0.34 Zr0.5 Ag0.08 ,100.0
Al0.12745098039215685 Ni0.1830065359477124 Cu0.1830065359477124 La0.5065359477124183 ,43.0
P0.2 Ni0.4 Pd0.4 ,72.5
P0.2 Ni0.1 Cu0.275 Pd0.425 ,81.0
Al0.07 Cu0.42 Zr0.48 Ag0.03 ,63.0
Al0.32 Ca0.63 Cu0.05 ,11.0
Mg0.25 Ca0.55 Cu0.2 ,30.0
Al0.14 Cu0.24 La0.62 ,48.0
Ti0.141 Cu0.564 Nb0.06 Hf0.235 ,40.0
Si0.006000000000000001 Ti0.0741 Cu0.4940000000000001 Zr0.4199 Sn0.006000000000000001 ,52.0
Mg0.6 Ni0.236 Y0.005 La0.159 ,36.0
Al0.19 Co0.19 Cu0.0475 Zr0.5225000000000001 Ag0.05 ,59.0
B0.24 Fe0.5579999999999999 Co0.142 Nb0.06 ,47.0
Be0.07 Ti0.45 Ni0.15 Cu0.25 Zr0.05 Sn0.03 ,61.0
Si0.2 Cu0.25 Au0.55 ,35.0
B0.22 Fe0.56 Co0.16 Y0.06 ,45.0
B0.04 C0.04 Si0.03 P0.1 Fe0.74 Mo0.05 ,41.0
B0.06 C0.15 Cr0.15 Fe0.41 Co0.07 Y0.02 Mo0.14 ,37.0
Mg0.25 Ca0.55 Zn0.2 ,43.0
Mg0.65 Ni0.075 Cu0.075 Zn0.05 Ag0.05 Gd0.1 ,37.0
Si0.01 Ti0.33 Ni0.08 Cu0.47 Zr0.11 ,37.0
B0.06 C0.15 Cr0.05 Fe0.58 Mo0.14 Er0.02 ,36.0
Mg0.13 Ca0.6 Cu0.27 ,32.0
P0.2 Ni0.1 Cu0.3 Pd0.4 ,77.67500000000003
Al0.15 Cu0.2 Ag0.1 La0.55 ,67.0
P0.2 Ni0.05 Cu0.3 Pd0.45 ,82.0
Al0.1 Fe0.2 Co0.1 Nd0.6 ,130.0
B0.22 Fe0.72 Y0.04 W0.02 ,65.0
Si0.07222222222222223 Cu0.022222222222222227 Pd0.9055555555555556 ,37.0
Al0.84 Ni0.1 Y0.06 ,18.0
Al0.125 Fe0.025 Cu0.175 Ag0.05 La0.625 ,73.0
B0.0032262589423481553 Fe0.7967456866320662 Co0.19918642165801656 Nb0.0008416327675690841 ,55.0
Mg0.1 Ca0.6 Zn0.3 ,20.0
Si0.1 P0.05 Cu0.06 Pd0.79 ,73.0
Cu0.45 Zr0.45 Ag0.1 ,62.5
B0.22 Fe0.62 Co0.1 Y0.06 ,47.0
Mg0.615 Cu0.295 Gd0.09 ,39.0
B0.15 Fe0.61 Co0.07 Y0.02 Zr0.08 Mo0.07 ,11.8
Al0.06998571720057131 Si0.00020403999183840035 Cu0.4998979800040808 Zr0.4299122628035095 ,60.0
Al0.04 Ni0.61 Zr0.22 Nb0.07 Ta0.06 ,60.0
P0.2 Ni0.075 Cu0.3 Pd0.425 ,84.0
Al0.08 Ni0.02 Cu0.34 Zr0.48 Ag0.08 ,110.0
B0.22 Fe0.67 Y0.06 Mo0.05 ,21.0
Mg0.028 Al0.112 Cu0.24 La0.62 ,36.0
B0.18816 Si0.047040000000000005 Cr0.020000000000000004 Fe0.42336 Co0.2822400000000001 Nb0.039200000000000006 ,43.0
Mg0.1 Ca0.7 Zn0.2 ,32.0
Cu0.575 Ga0.05 Zr0.375 ,40.0
Al0.84 Ni0.1 Ce0.06 ,13.0
Si0.01 Ti0.33 Ni0.08 Cu0.47 Zr0.07 Nb0.04 ,23.0
B0.06 C0.13 Cr0.1 Fe0.6 Mo0.09 Er0.02 ,46.0
Mg0.1 Ca0.5 Cu0.25 Zn0.15 ,32.0
Mg0.65 Ni0.075 Cu0.075 Zn0.05 Y0.025 Ag0.05 Gd0.075 ,36.0
B0.22 Fe0.72 Y0.06 ,59.33333333333334
Al0.08 Cu0.4 Zr0.44 Ag0.08 ,98.0
Al0.07 Cu0.46 Y0.1 Zr0.37 ,78.0
Mg0.2 Ca0.6 Zn0.2 ,37.0
B0.22 Fe0.68 Y0.06 Mo0.04 ,29.0
Al0.08 Ni0.19 Cu0.03 Zr0.7 ,70.0
P0.2 Ni0.1 Cu0.27 Pd0.43 ,84.0
Al0.1 Ti0.05 Ni0.08 Cu0.2 Zr0.57 ,43.3
Al0.09 Cu0.49 Hf0.42 ,85.0
Mg0.05 Al0.09 Cu0.24 La0.62 ,41.0
Ti0.4 Cu0.4 Zr0.1 Pd0.1 ,49.0
Mg0.7 Ni0.15 Nd0.15 ,22.0
Al0.07 Cu0.46 Y0.05 Zr0.42 ,100.0
B0.15 Cr0.02 Fe0.61 Co0.05 Y0.02 Zr0.08 Mo0.07 ,63.9
Si0.01 Ti0.33 Ni0.08 Cu0.47 Nb0.11 ,22.0
B0.19200000000000006 Si0.048000000000000015 Fe0.7008 Nb0.04 Tb0.0192 ,70.0
Ti0.475 Ni0.075 Cu0.425 Zr0.025 ,47.0
B0.23987375065754865 Fe0.7196212519726459 Mo0.039978958442924775 Dy0.0005260389268805891 ,89.0
Al0.096 Ti0.04 Ni0.125 Cu0.173 Zr0.5660000000000001 ,78.4
B0.22 Fe0.7 Y0.06 Mo0.02 ,62.0
Si0.165 Cu0.06 Pd0.775 ,43.66666666666666
Al0.07 Cu0.45 Zr0.45 Ag0.03 ,78.0
Al0.15 Cu0.15 Ce0.7 ,42.0
Mg0.15 Ca0.65 Cu0.2 ,26.0
Be0.2675 Ti0.3 Cu0.0825 Zr0.35 ,159.0
B0.04 C0.04 Si0.03 P0.09 Fe0.66 Co0.1 Mo0.04 ,44.0
Al0.25 Co0.2 Dy0.55 ,73.0
Ti0.07 Cu0.464 Zr0.35 Ag0.116 ,43.0
B0.1920000000000001 Si0.04800000000000002 Fe0.21600000000000003 Co0.504 Nb0.040000000000000015 ,40.0
P0.2 Ni0.15 Cu0.25 Pd0.4 ,72.0
Mg0.25 Ca0.6 Cu0.15 ,26.0
Al0.08 Ni0.04 Cu0.32 Zr0.48 Ag0.08 ,95.0
Cu0.44 Zr0.44 Ag0.12 ,80.0
Mg0.035 Al0.105 Cu0.24 La0.62 ,45.0
Mg0.227 Ca0.364 Cu0.409 ,35.0
Al0.099 Fe0.0495 Cu0.2277 Zr0.6138 Ag0.01 ,97.0
Al0.25 Ni0.15 Cu0.05 La0.55 ,67.6
Ti0.1 Cu0.4 Zr0.3 Ag0.2 ,31.0
Si0.18 Pd0.82 ,0.0
Ti0.1 Cu0.43 Zr0.4 Ag0.07 ,51.0
Mg0.65 Cu0.25 Nd0.1 ,33.0
B0.147 Si0.098 Fe0.735 Nb0.02 ,58.0
Mg0.68 Ni0.15 Ag0.07 Gd0.1 ,35.5
B0.22 Fe0.64 Co0.08 Y0.06 ,43.0
Al0.08 Ni0.085 Cu0.135 Zr0.7 ,82.0
B0.04 C0.04 Si0.03 P0.1 Fe0.75 Mo0.04 ,47.0
Mg0.6556556556556556 Cu0.25425425425425424 Gd0.09009009009009007 ,46.0
Al0.06862745098039216 Co0.0196078431372549 Ni0.0196078431372549 Cu0.4901960784313725 Ag0.09803921568627452 La0.30392156862745096 ,60.0
B0.192 Si0.048 Fe0.5760000000000001 Co0.14400000000000002 Nb0.04 ,50.0
Al0.25 Co0.2 Y0.15 Sm0.4 ,67.0
Al0.08 Cu0.36 Zr0.44 Ag0.08 Hf0.04 ,101.0
Mg0.225 Ca0.5 Cu0.275 ,42.0
B0.22 Fe0.69 Y0.06 W0.03 ,105.0
Be0.18 Ti0.55 Ni0.08 Cu0.09 Zr0.1 ,38.0
Mg0.227 Ca0.318 Cu0.455 ,39.0
B0.19200000000000006 Si0.048000000000000015 Fe0.6528 Nb0.04 Tb0.06720000000000001 ,60.0
Mg0.1 Ca0.7 Cu0.2 ,22.0
Al0.336 Ca0.664 ,12.0
Al0.25 Co0.2 Tm0.55 ,55.0
Al0.25 Co0.2 Lu0.55 ,80.0
Al0.14 Cu0.22 Ag0.02 La0.62 ,54.0
Mg0.75 Ni0.15 Nd0.1 ,20.133333333333333
B0.22 Fe0.72 Y0.03 W0.03 ,52.0
Ti0.5 Ni0.075 Cu0.425 ,38.0
Al0.08 Ni0.19 Cu0.07 Zr0.66 ,58.4
Cu0.4 Zr0.5 Ag0.1 ,66.0
Cu0.525 Ga0.075 Zr0.4 ,33.0
Mg0.364 Ca0.181 Cu0.455 ,29.0
Al0.14 Cu0.18 Ag0.06 La0.62 ,51.0
Al0.25 Co0.2 Er0.55 ,59.0
Mg0.2 Ca0.65 Zn0.15 ,25.0
Mg0.1 Ca0.55 Cu0.35 ,25.0
B0.2398469062300659 Fe0.3597703593450989 Co0.3597703593450989 Mo0.03997448437167765 Dy0.0006378907080586858 ,81.0
Be0.18 Ni0.12 Cu0.14 Zr0.48 Nb0.08 ,68.0
Mg0.65 Ni0.075 Cu0.075 Zn0.05 Y0.075 Ag0.05 Gd0.025 ,40.0
Al0.08 Ni0.06 Cu0.3 Zr0.48 Ag0.08 ,84.0
B0.22 Fe0.71 Y0.06 W0.01 ,111.0
Si0.1683673469387755 Cu0.040816326530612235 Pd0.7908163265306123 ,40.0
B0.2398469062300659 Fe0.4317244312141186 Co0.2878162874760791 Mo0.03997448437167765 Dy0.0006378907080586858 ,80.0
Mg0.318 Ca0.273 Cu0.409 ,22.0
